{
  "params": {
    "d": 50,
    "n": 20000,
    "runs": 3,
    "fdr_q": 0.01,
    "epsilon": 0.005,
    "delta": 0.0
  },
  "eps_mean": 72088.85065499594,
  "eps_p95": 74145.6398704375,
  "latency_ms_mean": 277.5645666600515,
  "latency_ms_p95": 294.8283199686557,
  "runs": [
    {
      "elapsed_s": 0.27480080001987517,
      "eps": 72779.99190160104,
      "nodes": 50,
      "edges": 49
    },
    {
      "elapsed_s": 0.2859271999914199,
      "eps": 69947.87484576549,
      "nodes": 50,
      "edges": 49
    },
    {
      "elapsed_s": 0.27196569996885955,
      "eps": 73538.6852176213,
      "nodes": 50,
      "edges": 49
    }
  ]
}